"Measure","Description","Topic","Subtopic","Dataset","Source","Source Description","Years Available","Cuts"
"30-Day Hospital Readmission Rate Among Medicare Patients","","Health","Access and Quality","Quality-Spending Interactive","The Commonwealth Fund","This tool portrays what is sometimes called the “relative value” of care—the amount spent per level of quality achieved. It utilizes publicly available data on quality and spending for the population age 65 and older with traditional fee-for-service Medicare.","2015-2015","Geography (State)"
"Admissions Enrolled FT Men","","Education","Admissions","","Integrated Postsecondary Education Data System (IPEDS)","","2014-2016","University (Carnegie, University), Geography (State, County, Place, MSA)"
"Admissions Enrolled FT Total","","Education","Admissions","","Integrated Postsecondary Education Data System (IPEDS)","","2014-2016","University (Carnegie, University), Geography (State, County, Place, MSA)"
"Admissions Enrolled FT Women","","Education","Admissions","","Integrated Postsecondary Education Data System (IPEDS)","","2014-2016","University (Carnegie, University), Geography (State, County, Place, MSA)"
"Admissions Enrolled Men","","Education","Admissions","","Integrated Postsecondary Education Data System (IPEDS)","","2014-2016","University (Carnegie, University), Geography (State, County, Place, MSA)"
"Admissions Enrolled PT Men","","Education","Admissions","","Integrated Postsecondary Education Data System (IPEDS)","","2014-2016","University (Carnegie, University), Geography (State, County, Place, MSA)"
"Admissions Enrolled PT Total","","Education","Admissions","","Integrated Postsecondary Education Data System (IPEDS)","","2014-2016","University (Carnegie, University), Geography (State, County, Place, MSA)"
"Admissions Enrolled PT Women","","Education","Admissions","","Integrated Postsecondary Education Data System (IPEDS)","","2014-2016","University (Carnegie, University), Geography (State, County, Place, MSA)"
"Admissions Enrolled Total","","Education","Admissions","","Integrated Postsecondary Education Data System (IPEDS)","","2014-2016","University (Carnegie, University), Geography (State, County, Place, MSA)"
"Admissions Enrolled Women","","Education","Admissions","","Integrated Postsecondary Education Data System (IPEDS)","","2014-2016","University (Carnegie, University), Geography (State, County, Place, MSA)"
"Admissions Men","","Education","Admissions","","Integrated Postsecondary Education Data System (IPEDS)","","2014-2016","University (Carnegie, University), Geography (State, County, Place, MSA)"
"Admissions Total","","Education","Admissions","","Integrated Postsecondary Education Data System (IPEDS)","","2014-2016","University (Carnegie, University), Geography (State, County, Place, MSA)"
"Admissions Women","","Education","Admissions","","Integrated Postsecondary Education Data System (IPEDS)","","2014-2016","University (Carnegie, University), Geography (State, County, Place, MSA)"
"Adult Hospice Patients Who Received Care Consistent With Their End-Of-Life Wishes","Data represent responses from caregivers who had a family member in a hospice","Health","Access and Quality","National Healthcare Quality and Disparities Reports","Agency for Healthcare Research and Quality","This report measures trends in effectiveness of care, patient safety, timeliness of care, patient centeredness, and access to care.","2006-2014","Geography (State)"
"Adult Patients Who Did Not Receive Good Communication About Hospital Discharge","","Health","Access and Quality","National Healthcare Quality and Disparities Reports","Agency for Healthcare Research and Quality","This report measures trends in effectiveness of care, patient safety, timeliness of care, patient centeredness, and access to care.","2015-2015","Geography (State)"
"Adults Reporting Not Having a Personal Doctor","Data represent adults who reported that they did not have one or more individuals they thought of as a personal doctor or health care provider. Percentages are weighted to reflect population characteristics.","Health","Access and Quality","State Health Facts","Kaiser Family Foundation","State Health Facts provides free, up-to-date, health data for all 50 states, the District of Columbia, the United States, counties, territories, and other geographies.","2013-2016","Geography (State)"
"Adults Who Haven't Seen a Doctor in the Past 12 Months Due to Cost ","Data represent adults who reported that there was a time in the past 12 months when they needed to see a doctor but could not because of cost. Percentages are weighted to reflect population characteristics.","Health","Access and Quality","State Health Facts","Kaiser Family Foundation","State Health Facts provides free, up-to-date, health data for all 50 states, the District of Columbia, the United States, counties, territories, and other geographies.","2013-2016","Geography (State)"
"Adults Who Reported Home Health Providers Always Explained Things in a Way That Was Easy to Understand","The survey is administered to patients who are 18 years old  and older in a Medicare-certified agency who have received at least two home health visits in the reference period of the past two months. ","Health","Access and Quality","National Healthcare Quality and Disparities Reports","Agency for Healthcare Research and Quality","This report measures trends in effectiveness of care, patient safety, timeliness of care, patient centeredness, and access to care.","2012-2015","Geography (State)"
"Adults With Major Depressive Episode","Major depressive episode (MDE) in the past year among adults aged 18 or older, as defined in the 4th edition of the Diagnostic and Statistical Manual of Mental Disorders (DSM-IV).","Health","Health Outcomes","National Survey on Drug Use and Health (NSDUH), State-Specific Tables","Substance Abuse and Mental Health Services Administration (SAMHSA)","The National Survey on Drug Use and Health (NSDUH) is a nationwide study that provides up-to-date information on tobacco, alcohol, and drug use, mental health and other health-related issues in the United States.","","Start Year, End Year, Geography (State)"
"Adults With Serious Mental Illness","Serious mental illness (SMI) in the past year among adults aged 18 or older. SMI is defined as a mental, behavioral, or emotional disorder, resulting in serious functional impairment, which substantially interferes with or limits one or more major life activities.","Health","Health Outcomes","National Survey on Drug Use and Health (NSDUH), State-Specific Tables","Substance Abuse and Mental Health Services Administration (SAMHSA)","The National Survey on Drug Use and Health (NSDUH) is a nationwide study that provides up-to-date information on tobacco, alcohol, and drug use, mental health and other health-related issues in the United States.","","Start Year, End Year, Geography (State)"
"Aggregate Travel Time To Work Minutes Sum","","","","","","","-","Transportation (Group, Subgroup, Transportation Means), Geography (Nation, State, County, Tract, Place, Msa, Puma), Sex"
"Applicants Men","","Education","Admissions","","Integrated Postsecondary Education Data System (IPEDS)","","2014-2016","University (Carnegie, University), Geography (State, County, Place, MSA)"
"Applicants Total","","Education","Admissions","","Integrated Postsecondary Education Data System (IPEDS)","","2014-2016","University (Carnegie, University), Geography (State, County, Place, MSA)"
"Applicants Women","","Education","Admissions","","Integrated Postsecondary Education Data System (IPEDS)","","2014-2016","University (Carnegie, University), Geography (State, County, Place, MSA)"
"Average Age","","Demographics","Microdata","ACS PUMS 1-Year Estimate, ACS PUMS 5-Year Estimate","U.S. Census Bureau","According to the Census Bureau: `The American Community Survey (ACS) Public Use Microdata Sample (PUMS) files are a set of untabulated records about individual people or housing units. The Census Bureau produces the PUMS files so that data users can create custom tables that are not available through pretabulated (or summary) ACS data products.`","2013-2016","Geography (State, PUMA), Workforce Status, Age, Weeks Worked, PUMS Occupation (L0, L1, L2, L3), PUMS Industry (L0, L1, L2), PUMS Degree (Group, Degree), PUMS Degree Field (CIP2, FOD1P), Gender, Race, Employment Status, Citizenship Status, Nativity, Veteran Status, Wage Bin"
"Average Hourly Earnings","","","","","","","2012-2017","PUMS Industry (L0, L1, L2), BLS Industry Flat (Industry)"
"Average Income","","Demographics","Microdata","ACS PUMS 1-Year Estimate, ACS PUMS 5-Year Estimate","U.S. Census Bureau","According to the Census Bureau: `The American Community Survey (ACS) Public Use Microdata Sample (PUMS) files are a set of untabulated records about individual people or housing units. The Census Bureau produces the PUMS files so that data users can create custom tables that are not available through pretabulated (or summary) ACS data products.`","2013-2016","Geography (State, PUMA), Workforce Status, Age, Weeks Worked, PUMS Occupation (L0, L1, L2, L3), PUMS Industry (L0, L1, L2), PUMS Degree (Group, Degree), PUMS Degree Field (CIP2, FOD1P), Gender, Race, Employment Status, Citizenship Status, Nativity, Veteran Status, Wage Bin"
"Average Number in Living Arrangement","","Education","Financial Aid","","Integrated Postsecondary Education Data System (IPEDS)","","2013-2016","University (Carnegie, University), Geography (State, County, Place, MSA), Living Arrangement"
"Average Usual Hours Worked Per Week","","Demographics","Microdata","ACS PUMS 1-Year Estimate, ACS PUMS 5-Year Estimate","U.S. Census Bureau","According to the Census Bureau: `The American Community Survey (ACS) Public Use Microdata Sample (PUMS) files are a set of untabulated records about individual people or housing units. The Census Bureau produces the PUMS files so that data users can create custom tables that are not available through pretabulated (or summary) ACS data products.`","2013-2016","Geography (State, PUMA), Workforce Status, Age, Weeks Worked, PUMS Occupation (L0, L1, L2, L3), PUMS Industry (L0, L1, L2), PUMS Degree (Group, Degree), PUMS Degree Field (CIP2, FOD1P), Gender, Race, Employment Status, Citizenship Status, Nativity, Veteran Status, Wage Bin"
"Average Wage","","Demographics","Microdata","ACS PUMS 1-Year Estimate, ACS PUMS 5-Year Estimate","U.S. Census Bureau","According to the Census Bureau: `The American Community Survey (ACS) Public Use Microdata Sample (PUMS) files are a set of untabulated records about individual people or housing units. The Census Bureau produces the PUMS files so that data users can create custom tables that are not available through pretabulated (or summary) ACS data products.`","2013-2016","Geography (State, PUMA), Workforce Status, Age, Weeks Worked, PUMS Occupation (L0, L1, L2, L3), PUMS Industry (L0, L1, L2), PUMS Degree (Group, Degree), PUMS Degree Field (CIP2, FOD1P), Gender, Race, Employment Status, Citizenship Status, Nativity, Veteran Status, Wage Bin"
"Average Weekly Hours","","","","","","","2012-2017","PUMS Industry (L0, L1, L2), BLS Industry Flat (Industry)"
"Benefits Expenses","Covers Public and Private Not For Profit Institutions","Education","Finance","","Integrated Postsecondary Education Data System (IPEDS)","","2012-2015","University (Carnegie, University), IPEDS Expense Category"
"Books And Supplies","","Education","Tuition","","Integrated Postsecondary Education Data System (IPEDS)","","2013-2016","University (Carnegie, University), Geography (State, County, Place, MSA), Sector, CIP (CIP2, CIP4, CIP6)"
"Borrowers Entered Repayment","","Education","Default Rate","","Cohort Default Rate Database","","2012-2014","Geography (State, County), OPEID"
"Borrowers In Default","","Education","Default Rate","","Cohort Default Rate Database","","2012-2014","Geography (State, County), OPEID"
"Change Percent 2016-2026","","","","","","","","PUMS Occupation (L0, L1, L2, L3), BLS Occupation Flat (Occupation)"
"Change Thousands 2006-2016","","","","","","","","PUMS Occupation (L0, L1, L2, L3), BLS Occupation Flat (Occupation)"
"Citizenship Median Age Median","","","","","","","2013-2016","Nativity Status (Nativity Status, Naturalize Status), Sex, Geography (Nation, State, County, Tract, Place, Msa, Puma)"
"Citizenship Status Population Sum","","","","","","","2013-2016","Citizenship Status, Geography (Nation, State, County, Tract, Place, Msa, Puma)"
"Cohort Size","","Education","Graduation","","Integrated Postsecondary Education Data System (IPEDS)","","2012-2016","Gender, IPEDS Race, University (Carnegie, University), Geography (State, County, Place, MSA)"
"Completions","","Education","Graduation","","Integrated Postsecondary Education Data System (IPEDS)","IPEDS is the Integrated Postsecondary Education Data System. It is a system of interrelated surveys conducted annually by the U.S. Department of Education’s National Center for Education Statistics (NCES). IPEDS gathers information from every college, university, and technical and vocational institution that participates in the federal student financial aid programs.","2012-2016","University (Carnegie, University), Geography (State, County, Place, MSA), CIP (CIP2, CIP4, CIP6), IPEDS Race, Degree, Gender"
"Confidence Interval High","","","","","","","2014-2018","Geography (County, State), Indicator"
"Confidence Interval Low","","","","","","","2014-2018","Geography (County, State), Indicator"
"Data Suppression Flag","","","","","","","2013-2016","Geography (County, State, Msa), PUMS Industry (L0, L1, L2), BLS Industry (Group 0, Group 1, Group 2, Group 3, Group 4)"
"Deaths Per 1,000 Adult Hospital Admissions With Pneumonia","","Health","Access and Quality","National Healthcare Quality and Disparities Reports","Agency for Healthcare Research and Quality","This report measures trends in effectiveness of care, patient safety, timeliness of care, patient centeredness, and access to care.","2011-2014","Geography (State)"
"Default Rate","","Education","Default Rate","","Cohort Default Rate Database","","2012-2014","Geography (State, County), OPEID"
"Denominator","","","","","","","2014-2018","Geography (County, State), Indicator"
"Depreciation Expenses","Covers Public and Private Not For Profit Institutions","Education","Finance","","Integrated Postsecondary Education Data System (IPEDS)","","2012-2015","University (Carnegie, University), IPEDS Expense Category"
"District Fee","","Education","Tuition","","Integrated Postsecondary Education Data System (IPEDS)","","2013-2016","University (Carnegie, University), Geography (State, County, Place, MSA), Sector, CIP (CIP2, CIP4, CIP6)"
"District Graduate Students Fee","","Education","Tuition","","Integrated Postsecondary Education Data System (IPEDS)","","2013-2016","University (Carnegie, University), Geography (State, County, Place, MSA), Sector, CIP (CIP2, CIP4, CIP6)"
"District Graduate Students Tuition","","Education","Tuition","","Integrated Postsecondary Education Data System (IPEDS)","","2013-2016","University (Carnegie, University), Geography (State, County, Place, MSA), Sector, CIP (CIP2, CIP4, CIP6)"
"District Tuition","","Education","Tuition","","Integrated Postsecondary Education Data System (IPEDS)","","2013-2016","University (Carnegie, University), Geography (State, County, Place, MSA), Sector, CIP (CIP2, CIP4, CIP6)"
"Doctor's Office Visit Medicare Spending Per Capita","Spending estimates are based on Evaluation and Management claims incurred by beneficiaries age 65+ with traditional fee-for-service Medicare. Payments have been adjusted to account for regional differences in wages, practice costs, and malpractice costs.","Health","Health Care Spending>Medicare","Quality-Spending Interactive","The Commonwealth Fund","This tool portrays what is sometimes called the “relative value” of care—the amount spent per level of quality achieved. It utilizes publicly available data on quality and spending for the population age 65 and older with traditional fee-for-service Medicare.","2015-2015","Geography (State, Place)"
"Drug Overdose Death Rate Per 100,000 Age-Adjusted","Drug overdose deaths were classified using the International Classification of Disease, Tenth Revision (ICD-10). Age-adjusted death rates were calculated by applying age-specific death rates to the 2000 U.S. standard population age distribution.","Health","Health Outcomes","State Health Facts","Kaiser Family Foundation","State Health Facts provides free, up-to-date, health data for all 50 states, the District of Columbia, the United States, counties, territories, and other geographies.","1999-2015","Geography (State)"
"Employees CARC 2006-2016","","","","","","","","PUMS Industry (L0, L1, L2), BLS Industry Flat (Industry)"
"Employees CARC 2016-2026","","","","","","","","PUMS Industry (L0, L1, L2), BLS Industry Flat (Industry)"
"Employees Change 2006-2016","","","","","","","","PUMS Industry (L0, L1, L2), BLS Industry Flat (Industry)"
"Employees Change 2016-2026","","","","","","","","PUMS Industry (L0, L1, L2), BLS Industry Flat (Industry)"
"Employees Percent 2016","","","","","","","","PUMS Occupation (L0, L1, L2, L3), BLS Occupation Flat (Occupation)"
"Employees Percent 2026","","","","","","","","PUMS Occupation (L0, L1, L2, L3), BLS Occupation Flat (Occupation)"
"Employees Thousands","","","","","","","2012-2017","PUMS Industry (L0, L1, L2), BLS Industry Flat (Industry)"
"Employees Thousands 2006","","","","","","","","PUMS Industry (L0, L1, L2), BLS Industry Flat (Industry)"
"Employees Thousands 2016","","","","","","","","PUMS Industry (L0, L1, L2), BLS Industry Flat (Industry), PUMS Occupation (L0, L1, L2, L3), BLS Occupation Flat (Occupation)"
"Employees Thousands 2026","","","","","","","","PUMS Industry (L0, L1, L2), BLS Industry Flat (Industry), PUMS Occupation (L0, L1, L2, L3), BLS Occupation Flat (Occupation)"
"Endowment 100th Percentile","","Education","Finance","","Integrated Postsecondary Education Data System (IPEDS)","","2012-2015","University (Carnegie, University)"
"Endowment 20th Percentile","Only including endowments with non-empty positive value","Education","Finance","","Integrated Postsecondary Education Data System (IPEDS)","","2012-2015","University (Carnegie, University)"
"Endowment 40th Percentile","Only including endowments with non-empty positive value","Education","Finance","","Integrated Postsecondary Education Data System (IPEDS)","","2012-2015","University (Carnegie, University)"
"Endowment 60th Percentile","Only including endowments with non-empty positive value","Education","Finance","","Integrated Postsecondary Education Data System (IPEDS)","","2012-2015","University (Carnegie, University)"
"Endowment 80th Percentile","","Education","Finance","","Integrated Postsecondary Education Data System (IPEDS)","","2012-2015","University (Carnegie, University)"
"Endowment Value","Endowment value at fiscal year end","Education","Finance","","Integrated Postsecondary Education Data System (IPEDS)","","2012-2015","University (Carnegie, University)"
"Enrollment","","Education","Enrollment","","Integrated Postsecondary Education Data System (IPEDS)","","2012-2016","Gender, Enrollment Status, Level Of Study, IPEDS Race, University (Carnegie, University), Geography (State, County, Place, MSA)"
"Estimates of Chronically Homeless Individuals","A chronically homeless individual refers to an individual with a disability who has been continuously homeless for one year or more or has experienced at least four episodes of homelessness in the last three years where the combined length of time homeless in those
occasions is at least 12 months.","Health","Social and Behavioral Determinants of Health","The 2017 Annual Homeless Assessment Report (AHAR) to Congress, Part 1","The U.S. Department of Housing and Urban Development (HUD)","Part 1 of the Annual Homeless Assessment Report to Congress (AHAR) provides Point-inTime (PIT) estimates, offering a snapshot of homelessness—both sheltered and unsheltered— on a single night. The PIT counts also provide an estimate of the number of people experiencing homelessness within particular homeless populations, such as people with chronic patterns of homelessness and veterans experiencing homelessness.","2017-2017","Geography (State)"
"Federal Grants And Contracts","","Education","Finance","","Integrated Postsecondary Education Data System (IPEDS)","","2012-2015","University (Carnegie, University)"
"Foreign Born Population Sum","","","","","","","2015-2016","Place Of Birth (Continent, Subcontinent, Region, Country), Geography (Nation, State, County, Tract, Place, Msa, Puma)"
"Full Time Retention Rate","The full-time retention rate is the percent of the (fall full-time cohort from the prior year minus exclusions from the fall full-time cohort) that re-enrolled at the institution as either full- or part-time in the current year.","Education","Retention Rates","","Integrated Postsecondary Education Data System (IPEDS)","","2012-2016","University (Carnegie, University)"
"Graduation Rate","Percentage of Full-time, First-time Students Who Received a Degree or Award Within 150% of 'Normal Time' to Completion for Their Program","Education","Graduation","","Integrated Postsecondary Education Data System (IPEDS)","","2012-2016","Gender, IPEDS Race, University (Carnegie, University), Geography (State, County, Place, MSA)"
"Health Care Coverage Population Percent","","","","","","","2012-2016","Age, Health Coverage, Geography (Nation, State, County, Tract, Place, Msa, Puma), Health Coverage (Kaiser Coverage, Health Coverage)"
"Health Care Coverage Population Sum","","","","","","","2012-2016","Age, Health Coverage, Geography (Nation, State, County, Tract, Place, Msa, Puma), Health Coverage (Kaiser Coverage, Health Coverage)"
"Health Insurance Coverage Population Sum","","","","","","","2013-2016","Sex, Age, Health Insurance Status, Geography (Nation, State, County, Tract, Place, Msa, Puma), Healthcare"
"Hispanic Race Population Sum","","","","","","","2013-2016","Ethnicity, Race (Race, Race Subgroup), Geography (Nation, State, County, Tract, Place, Msa, Puma)"
"Home Health Care Patients Whose Management of Oral Medications Improved","A person showed improvement in ability to manage oral medications compared with a prior assessment in the episode","Health","Access and Quality","National Healthcare Quality and Disparities Reports","Agency for Healthcare Research and Quality","This report measures trends in effectiveness of care, patient safety, timeliness of care, patient centeredness, and access to care.","2013-2013","Geography (State)"
"Home Health Medicare Spending Per Capita","Spending estimates are based on claims for home health care incurred by beneficiaries age 65+ with traditional fee-for-service Medicare. Payments have been adjusted to account for regional wage differences.","Health","Health Care Spending>Medicare","Quality-Spending Interactive","The Commonwealth Fund","This tool portrays what is sometimes called the “relative value” of care—the amount spent per level of quality achieved. It utilizes publicly available data on quality and spending for the population age 65 and older with traditional fee-for-service Medicare.","2015-2015","Geography (State, Place)"
"Home Health Reimbursements A","","health","healthcare costs","","Dartmouth Atlas of Healthcare","","2010-2014","Geography (Nation, State, County)"
"Home Health Reimbursements B","","health","healthcare costs","","Dartmouth Atlas of Healthcare","","2010-2014","Geography (Nation, State, County)"
"Hospice A Reimbursements","","health","healthcare costs","","Dartmouth Atlas of Healthcare","","2010-2014","Geography (Nation, State, County)"
"Hospice B Reimbursements","","health","healthcare costs","","Dartmouth Atlas of Healthcare","","2010-2014","Geography (Nation, State, County)"
"Hospital A Reimbursements","","health","healthcare costs","","Dartmouth Atlas of Healthcare","","2010-2014","Geography (Nation, State, County)"
"Hospital B Reimbursements","","health","healthcare costs","","Dartmouth Atlas of Healthcare","","2010-2014","Geography (Nation, State, County)"
"Household Income Dollars Median","","","","","","","2013-2016","Race, Geography (Nation, State, County, Tract, Place, Msa, Puma), Ethnicity"
"Housing Median Value Median","","","","","","","2013-2016","Geography (Nation, State, County, Tract, Place, Msa, Puma)"
"Housing Unit With Mortgage Percent","","","","","","","2009-2016","Mortgage Status, Geography (Nation, State, County, Tract, Place, Msa, Puma)"
"Housing Unit With Mortgage Sum","","","","","","","2009-2016","Mortgage Status, Geography (Nation, State, County, Tract, Place, Msa, Puma)"
"Housing Units Sum","","","","","","","2015-2016","Value Bucket, Geography (Nation, State, County, Tract, Place, Msa, Puma)"
"IM Value","","","","","","","2002-2017","PUMS Occupation (L0, L1, L2, L3), Skill Element (Skill Element Group, Skill Element), CIP (CIP2, CIP4, CIP6)"
"Income Households Sum","","","","ACS 1-year Estimate, ACS 5-year Estimate","Census Bureau","","2013-2016","Household Income Bucket, Geography (Nation, State, County, Tract, Place, Msa, Puma)"
"Industry Median Earnings Dollars Median","","","","","","","2013-2016","Industry (Group, Subgroup), Geography (Nation, State, County, Tract, Place, Msa, Puma), Sex"
"Industry Population Sum","","","","","","","2013-2016","Sex, Industry (Group, Subgroup, Industry), Geography (Nation, State, County, Tract, Place, Msa, Puma), Industry (Group, Subgroup)"
"Inpatient Medicare Spending Per Capita","Spending estimates are for inpatient acute care hospitals paid under the prospective payment system and reflect only the age 65+ population with traditional fee-for-service Medicare. Spending estimates are standardized to account for local wage differences using CMS' hospital wage index. Payments for engaging in medical education and treating a disproportionate share of low-income patients have been excluded.","Health","Health Care Spending>Medicare","Quality-Spending Interactive","The Commonwealth Fund","This tool portrays what is sometimes called the “relative value” of care—the amount spent per level of quality achieved. It utilizes publicly available data on quality and spending for the population age 65 and older with traditional fee-for-service Medicare.","2015-2015","Geography (State, Place)"
"Interest Expenses","Covers Public and Private Not For Profit Institutions","Education","Finance","","Integrated Postsecondary Education Data System (IPEDS)","","2012-2015","University (Carnegie, University), IPEDS Expense Category"
"Internet Households Percent","","","","","","","2013-2015","Internet Access (Access Group, Access Subgroup, Access Type), Geography (Nation, State, County, Tract, Place, Msa, Puma)"
"Internet Households Sum","","","","","","","2013-2015","Internet Access (Access Group, Access Subgroup, Access Type), Geography (Nation, State, County, Tract, Place, Msa, Puma)"
"Investment Income","","Education","Finance","","Integrated Postsecondary Education Data System (IPEDS)","","2012-2015","University (Carnegie, University)"
"Language Population Sum","","","","","","","2013-2016","Language Spoken At Home, English Ability, Geography (Nation, State, County, Tract, Place, Msa, Puma)"
"Local Grants","","Education","Finance","","Integrated Postsecondary Education Data System (IPEDS)","","2012-2015","University (Carnegie, University)"
"Local Grants And Contracts","","Education","Finance","","Integrated Postsecondary Education Data System (IPEDS)","","2012-2015","University (Carnegie, University)"
"Long-Stay Medicare Nursing Home Residents Hospitalized Within Six-Month Period","","Health","Access and Quality","Quality-Spending Interactive","The Commonwealth Fund","This tool portrays what is sometimes called the “relative value” of care—the amount spent per level of quality achieved. It utilizes publicly available data on quality and spending for the population age 65 and older with traditional fee-for-service Medicare.","2014-2014","Geography (State)"
"Long-Stay Nursing Home Residents With Too Much Weight Loss","Subset of the denominator who experienced weight loss of 5 percent of more in the last 30 days or 10 percent or more in the last 6 months","Health","Access and Quality","National Healthcare Quality and Disparities Reports","Agency for Healthcare Research and Quality","This report measures trends in effectiveness of care, patient safety, timeliness of care, patient centeredness, and access to care.","2013-2013","Geography (State)"
"LV Value","","","","","","","2002-2017","PUMS Occupation (L0, L1, L2, L3), Skill Element (Skill Element Group, Skill Element), CIP (CIP2, CIP4, CIP6)"
"Means Of Work Transportation Population Sum","","","","","","","2013-2016","Transportation (Group, Subgroup, Transportation Means), Geography (Nation, State, County, Tract, Place, Msa, Puma)"
"Median Age Median","","","","","","","2013-2016","Sex, Geography (Nation, State, County, Tract, Place, Msa, Puma)"
"Median Amount Federal Loans","Reported for All Undergraduate Students","Education","Financial Aid","","Integrated Postsecondary Education Data System (IPEDS)","","2013-2016","University (Carnegie, University)"
"Median Average Net Price Grant Or Scholarship Aid","Full-time beginning undergraduate students who paid the in-state or in-district tuition rate and were awarded grant or scholarship aid from federal, state or local governments, or the institution.","Education","Financial Aid","","Integrated Postsecondary Education Data System (IPEDS)","","2013-2016","University (Carnegie, University)"
"Median Averge Net Price Federal Aid","","Education","Financial Aid","","Integrated Postsecondary Education Data System (IPEDS)","","2013-2016","University (Carnegie, University), Income Range"
"Median Benefits Expenses","Covers Public and Private Not For Profit Institutions","Education","Finance","","Integrated Postsecondary Education Data System (IPEDS)","","2012-2015","University (Carnegie, University), IPEDS Expense Category"
"Median Completions","","Education","Graduation","","Integrated Postsecondary Education Data System (IPEDS)","IPEDS is the Integrated Postsecondary Education Data System. It is a system of interrelated surveys conducted annually by the U.S. Department of Education’s National Center for Education Statistics (NCES). IPEDS gathers information from every college, university, and technical and vocational institution that participates in the federal student financial aid programs.","2012-2016","University (Carnegie, University), Geography (State, County, Place, MSA), CIP (CIP2, CIP4, CIP6), IPEDS Race, Degree, Gender"
"Median Depreciation Expenses","Covers Public and Private Not For Profit Institutions","Education","Finance","","Integrated Postsecondary Education Data System (IPEDS)","","2012-2015","University (Carnegie, University), IPEDS Expense Category"
"Median Endowment Value","Endowment value at fiscal year end","Education","Finance","","Integrated Postsecondary Education Data System (IPEDS)","","2012-2015","University (Carnegie, University)"
"Median Federal Grants And Contracts","","Education","Finance","","Integrated Postsecondary Education Data System (IPEDS)","","2012-2015","University (Carnegie, University)"
"Median Grant Or Scholarship Award","","Education","Financial Aid","","Integrated Postsecondary Education Data System (IPEDS)","","2013-2016","University (Carnegie, University), Income Range"
"Median Interest Expenses","Covers Public and Private Not For Profit Institutions","Education","Finance","","Integrated Postsecondary Education Data System (IPEDS)","","2012-2015","University (Carnegie, University), IPEDS Expense Category"
"Median Investment Income","","Education","Finance","","Integrated Postsecondary Education Data System (IPEDS)","","2012-2015","University (Carnegie, University)"
"Median Local Grants","","Education","Finance","","Integrated Postsecondary Education Data System (IPEDS)","","2012-2015","University (Carnegie, University)"
"Median Local Grants And Contracts","","Education","Finance","","Integrated Postsecondary Education Data System (IPEDS)","","2012-2015","University (Carnegie, University)"
"Median Months Of Employment For Instructional Employees","Covers full-time nonmedical instructional staff","Education","Finance","","Integrated Postsecondary Education Data System (IPEDS)","","2012-2016","University (Carnegie, University), Academic Rank, Gender"
"Median Number Federal Loans","Reported for All Undergraduate Students","Education","Financial Aid","","Integrated Postsecondary Education Data System (IPEDS)","","2013-2016","University (Carnegie, University)"
"Median Number With Any Aid","Reported for Full-time Beginning Undergraduate Students. Beginning students are those who are entering postsecondary education for the first time.","Education","Financial Aid","","Integrated Postsecondary Education Data System (IPEDS)","","2013-2016","University (Carnegie, University)"
"Median Operation Expenses","Covers Public and Private Not For Profit Institutions","Education","Finance","","Integrated Postsecondary Education Data System (IPEDS)","","2012-2015","University (Carnegie, University), IPEDS Expense Category"
"Median Other Expenses","Covers Public and Private Not For Profit Institutions","Education","Finance","","Integrated Postsecondary Education Data System (IPEDS)","","2012-2015","University (Carnegie, University), IPEDS Expense Category, Living Arrangement"
"Median Other Federal Grants","","Education","Finance","","Integrated Postsecondary Education Data System (IPEDS)","","2012-2015","University (Carnegie, University)"
"Median Outlays Instructional Employees","Covers full-time nonmedical instructional staff","Education","Finance","","Integrated Postsecondary Education Data System (IPEDS)","","2012-2016","University (Carnegie, University), Academic Rank, Gender"
"Median Outlays Noninstructional Employees","Covers full-time nonmedical noninstructional staff","Finance","","","Integrated Postsecondary Education Data System (IPEDS)","","2012-2016","University (Carnegie, University), IPEDS Occupation"
"Median Pell Grants","","Education","Finance","","Integrated Postsecondary Education Data System (IPEDS)","","2012-2015","University (Carnegie, University)"
"Median Percent Completed BA","","Education","Graduation","","Integrated Postsecondary Education Data System (IPEDS)","","2012-2016","University (Carnegie, University), Geography (State, County, Place, MSA), Timeframe, Program Type"
"Median Percent Federal Loans","Reported for All Undergraduate Students","Education","Financial Aid","","Integrated Postsecondary Education Data System (IPEDS)","","2013-2016","University (Carnegie, University)"
"Median Percent With Any Aid","Reported for Full-time Beginning Undergraduate Students. Beginning students are those who are entering postsecondary education for the first time.","Education","Financial Aid","","Integrated Postsecondary Education Data System (IPEDS)","","2013-2016","University (Carnegie, University)"
"Median Percent With Grant Aid","Reported for All Undergraduate Students","Education","Financial Aid","","Integrated Postsecondary Education Data System (IPEDS)","","2013-2016","University (Carnegie, University)"
"Median Private Grants","","Education","Finance","","Integrated Postsecondary Education Data System (IPEDS)","","2012-2015","University (Carnegie, University)"
"Median Research Total","","Education","Finance","","Integrated Postsecondary Education Data System (IPEDS)","","2012-2015","University (Carnegie, University)"
"Median Room And Board","Excluding people not paying room and board","Education","Living Expenses","","Integrated Postsecondary Education Data System (IPEDS)","","2013-2016","University (Carnegie, University), Living Arrangement"
"Median Salary Expenses","Covers Public and Private Not For Profit Institutions","Education","Finance","","Integrated Postsecondary Education Data System (IPEDS)","","2012-2015","University (Carnegie, University), IPEDS Expense Category"
"Median State Grants","","Education","Finance","","Integrated Postsecondary Education Data System (IPEDS)","","2012-2015","University (Carnegie, University)"
"Median State Grants And Contracts","","Education","Finance","","Integrated Postsecondary Education Data System (IPEDS)","","2012-2015","University (Carnegie, University)"
"Median Total Assets","","Education","Finance","","Integrated Postsecondary Education Data System (IPEDS)","","2012-2015","University (Carnegie, University)"
"Median Total Expenses","","Education","Finance","","Integrated Postsecondary Education Data System (IPEDS)","","2012-2015","University (Carnegie, University)"
"Median Total Graduates","","Education","Tuition","","Integrated Postsecondary Education Data System (IPEDS)","","2013-2016","University (Carnegie, University), Sector, CIP (CIP2, CIP4, CIP6)"
"Median Total Instructional Employees","Covers full-time nonmedical instructional staff","Education","Finance","","Integrated Postsecondary Education Data System (IPEDS)","","2012-2016","University (Carnegie, University), Academic Rank, Gender"
"Median Total Liabilities","","Education","Finance","","Integrated Postsecondary Education Data System (IPEDS)","","2012-2015","University (Carnegie, University)"
"Median Total Noninstructional Employees","Covers full-time nonmedical noninstructional staff","Finance","","","Integrated Postsecondary Education Data System (IPEDS)","","2012-2016","University (Carnegie, University), IPEDS Occupation"
"Median Total Revenue","","Education","Finance","","Integrated Postsecondary Education Data System (IPEDS)","","2012-2015","University (Carnegie, University)"
"Median Tuition And Fees","","Education","Finance","","Integrated Postsecondary Education Data System (IPEDS)","","2012-2015","University (Carnegie, University)"
"Medicare Patients Receiving Home Health Whose Ability to Walk or Move Around Improved ","","Health","Access and Quality","Quality-Spending Interactive","The Commonwealth Fund","This tool portrays what is sometimes called the “relative value” of care—the amount spent per level of quality achieved. It utilizes publicly available data on quality and spending for the population age 65 and older with traditional fee-for-service Medicare.","2015-2015","Geography (State)"
"Mental Health Service Use Among Adults With Mental Illness","Mental health utilization among adults with any mental illness in the past year.","Health","Access and Quality","Behavioral Health Barometer: State Barometers","Substance Abuse and Mental Health Services Administration (SAMHSA)","The state behavioral health barometers provide an annual update on a series of topics that focus on substance use and mental health.","","Start Year, End Year, Geography (State)"
"Millions Of Dollars","Value in millions of 2012 US Dollars.","Economy","Freight","Freight Analysis Framework Domestic Flows","U.S. Department of Transportation Federal Highway Administration","The Freight Analysis Framework integrates data from a variety of sources to create a comprehensive picture of freight movement among states and major metropolitan areas by all modes of transportation. Note that values from 2020 and later are projections and this subset of the data does not include foreign trade.","2012-2045","Origin (State, Region), Destination (State, Region), SCTG (SCTG2), Transportation Mode"
"Minutes Sum","","","","","","","2013-2016","Travel Time, Geography (Nation, State, County, Tract, Place, Msa, Puma)"
"Mortgage Status Population Sum","","","","","","","2013-2016","Mortgage Status, Real Estate Taxes Paid, Geography (Nation, State, County, Tract, Place, Msa, Puma)"
"Nonmedical Use of Pain Relievers Among Individuals Aged 12+ (Lowerconfidence)","Lower confidence interval for nonmedical use of prescription pain relievers in the past year among people aged 12 or older","Health","Social and Behavioral Determinants of Health","CBHSQ Reports","Substance Abuse and Mental Health Services Administration (SAMHSA)","The CBHSQ Report is prepared by the Center for Behavioral Health Statistics and Quality (CBHSQ), Substance Abuse and Mental Health Services Administration (SAMHSA), an agency within the U.S. Department of Health and Human Services that leads public health efforts to advance the behavioral health of the nation. ","","Start Year, End Year, Geography (State)"
"Nonmedical Use of Pain Relievers Among Individuals Aged 12+ (Upperconfidence) ","Upper confidence interval for nonmedical use of prescription pain relievers in the past year among people aged 12 or older","Health","Social and Behavioral Determinants of Health","CBHSQ Reports","Substance Abuse and Mental Health Services Administration (SAMHSA)","The CBHSQ Report is prepared by the Center for Behavioral Health Statistics and Quality (CBHSQ), Substance Abuse and Mental Health Services Administration (SAMHSA), an agency within the U.S. Department of Health and Human Services that leads public health efforts to advance the behavioral health of the nation. ","","Start Year, End Year, Geography (State)"
"Nonmedical Use of Prescription Pain Relievers Among Individuals Aged 12+ ","Refers to the use of prescription drugs in any way not directed by a doctor in the past year.","Health","Social and Behavioral Determinants of Health","CBHSQ Reports","Substance Abuse and Mental Health Services Administration (SAMHSA)","The CBHSQ Report is prepared by the Center for Behavioral Health Statistics and Quality (CBHSQ), Substance Abuse and Mental Health Services Administration (SAMHSA), an agency within the U.S. Department of Health and Human Services that leads public health efforts to advance the behavioral health of the nation. ","","Start Year, End Year, Geography (State)"
"Number Completers BA","","Education","Graduation","","Integrated Postsecondary Education Data System (IPEDS)","","2012-2016","University (Carnegie, University), Geography (State, County, Place, MSA), Timeframe, Program Type"
"Number of Applicants Submitting SAT Scores","","Education","Admissions","","Integrated Postsecondary Education Data System (IPEDS)","","2014-2016","University (Carnegie, University), Geography (State, County, Place, MSA)"
"Number of Establishments: 1-4 Employee Size Class","","","","","","","2013-2016","Geography (County, State, Msa), PUMS Industry (L0, L1, L2), BLS Industry (Group 0, Group 1, Group 2, Group 3, Group 4)"
"Number of Establishments: 1,000 or More Employee Size Class","","","","","","","2013-2016","Geography (County, State, Msa), PUMS Industry (L0, L1, L2), BLS Industry (Group 0, Group 1, Group 2, Group 3, Group 4)"
"Number of Establishments: 10-19 Employee Size Class","","","","","","","2013-2016","Geography (County, State, Msa), PUMS Industry (L0, L1, L2), BLS Industry (Group 0, Group 1, Group 2, Group 3, Group 4)"
"Number of Establishments: 100-249 Employee Size Class","","","","","","","2013-2016","Geography (County, State, Msa), PUMS Industry (L0, L1, L2), BLS Industry (Group 0, Group 1, Group 2, Group 3, Group 4)"
"Number of Establishments: 20-49 Employee Size Class","","","","","","","2013-2016","Geography (County, State, Msa), PUMS Industry (L0, L1, L2), BLS Industry (Group 0, Group 1, Group 2, Group 3, Group 4)"
"Number of Establishments: 250-499 Employee Size Class","","","","","","","2013-2016","Geography (County, State, Msa), PUMS Industry (L0, L1, L2), BLS Industry (Group 0, Group 1, Group 2, Group 3, Group 4)"
"Number of Establishments: 5-9 Employee Size Class","","","","","","","2013-2016","Geography (County, State, Msa), PUMS Industry (L0, L1, L2), BLS Industry (Group 0, Group 1, Group 2, Group 3, Group 4)"
"Number of Establishments: 50-99 Employee Size Class","","","","","","","2013-2016","Geography (County, State, Msa), PUMS Industry (L0, L1, L2), BLS Industry (Group 0, Group 1, Group 2, Group 3, Group 4)"
"Number of Establishments: 500-999 Employee Size Class","","","","","","","2013-2016","Geography (County, State, Msa), PUMS Industry (L0, L1, L2), BLS Industry (Group 0, Group 1, Group 2, Group 3, Group 4)"
"Number of Families Receiving Rental Assistance","Includes families with children under 18 years. Includes all HUD programs with subsidies whose value varies based on the tenant's income except Housing Opportunities for People with AIDS/HIV and McKinney-Vento permanent housing.","Health","Social and Behavioral Determinants of Health","National and State Housing Fact Sheets & Data","Center on Budget and Policy Priorities","These factsheets provide details on who uses and who needs rental assistance in each state.","2004-2015","Geography (State)"
"Number Of Finishers","","Education","Graduation","","Integrated Postsecondary Education Data System (IPEDS)","","2012-2016","Gender, IPEDS Race, University (Carnegie, University), Geography (State, County, Place, MSA)"
"Number Of Institutions","","Education","Enrollment","","Integrated Postsecondary Education Data System (IPEDS)","","2012-2016","Gender, Enrollment Status, Level Of Study, IPEDS Race, University (Carnegie, University), Geography (State, County, Place, MSA)"
"Numerator","","","","","","","2014-2018","Geography (County, State), Indicator"
"Obligation Amount","","Economy","Government Spending","","USAspending.gov","USA Spending provides a big-picture view of the federal spending landscape.","","Geography (State, County), Action Date (Year, Quarter, Month, Day), Fiscal Year (Year), Transaction Type, Agency (Agency, Sub Agency), Product Service Code (PSC Group, PSC Sub Group)"
"Occupation Median Earnings Median","","","","","","","2013-2016","Occupation (Group, Subgroup, Occupation), Geography (Nation, State, County, Tract, Place, Msa, Puma), Sex"
"Occupation Population Sum","","","","","","","2013-2016","Sex, Occupation (Group, Subgroup, Occupation), Geography (Nation, State, County, Tract, Place, Msa, Puma), Occupation (Occupation Group0, Occupation Group1, Occupation Group2, Occupation Group3, Occupation)"
"Occupied Households Percent","","","","","","","2009-2016","Kitchen Facilities, Geography (Nation, State, County, Tract, Place, Msa, Puma), Plumbing Facilities"
"Occupied Households Sum","","","","","","","2009-2016","Kitchen Facilities, Geography (Nation, State, County, Tract, Place, Msa, Puma), Plumbing Facilities"
"Openings Thousands 2016-2026","","","","","","","","PUMS Occupation (L0, L1, L2, L3), BLS Occupation Flat (Occupation)"
"Operation Expenses","Covers Public and Private Not For Profit Institutions","Education","Finance","","Integrated Postsecondary Education Data System (IPEDS)","","2012-2015","University (Carnegie, University), IPEDS Expense Category"
"Opioid Overdose Death Rate Per 100,000 Age-Adjusted","Among the deaths with drug overdose as the underlying cause, the type of opioid involved is indicated by ICD-10 multiple cause-of-death codes. Age-adjusted death rates were calculated by applying age-specific death rates to the 2000 U.S. standard population age distribution.","Health","Health Outcomes","State Health Facts","Kaiser Family Foundation","State Health Facts provides free, up-to-date, health data for all 50 states, the District of Columbia, the United States, counties, territories, and other geographies.","1999-2016","Geography (State, County)"
"Other Expenses","Covers Public and Private Not For Profit Institutions","Education","Finance","","Integrated Postsecondary Education Data System (IPEDS)","","2012-2015","University (Carnegie, University), IPEDS Expense Category"
"Other Federal Grants","","Education","Finance","","Integrated Postsecondary Education Data System (IPEDS)","","2012-2015","University (Carnegie, University)"
"Out Of State Fee","","Education","Tuition","","Integrated Postsecondary Education Data System (IPEDS)","","2013-2016","University (Carnegie, University), Geography (State, County, Place, MSA), Sector, CIP (CIP2, CIP4, CIP6)"
"Out Of State Graduate Students Fee","","Education","Tuition","","Integrated Postsecondary Education Data System (IPEDS)","","2013-2016","University (Carnegie, University), Geography (State, County, Place, MSA), Sector, CIP (CIP2, CIP4, CIP6)"
"Out Of State Graduate Students Tuition","","Education","Tuition","","Integrated Postsecondary Education Data System (IPEDS)","","2013-2016","University (Carnegie, University), Geography (State, County, Place, MSA), Sector, CIP (CIP2, CIP4, CIP6)"
"Out Of State Tuition","","Education","Tuition","","Integrated Postsecondary Education Data System (IPEDS)","","2013-2016","University (Carnegie, University), Geography (State, County, Place, MSA), Sector, CIP (CIP2, CIP4, CIP6)"
"Output Billions 2006","","","","","","","","PUMS Industry (L0, L1, L2), BLS Industry Flat (Industry)"
"Output Billions 2016","","","","","","","","PUMS Industry (L0, L1, L2), BLS Industry Flat (Industry)"
"Output Billions 2026","","","","","","","","PUMS Industry (L0, L1, L2), BLS Industry Flat (Industry)"
"Output CARC 2006-2016","","","","","","","","PUMS Industry (L0, L1, L2), BLS Industry Flat (Industry)"
"Output CARC 2016-2026","","","","","","","","PUMS Industry (L0, L1, L2), BLS Industry Flat (Industry)"
"Part Time Retention Rate","The part-time retention rate is the percent of the (fall part-time cohort from the prior year minus exclusions from the fall part-time cohort) that re-enrolled at the institution as either full- or part-time in the current year.","Education","Retention Rates","","Integrated Postsecondary Education Data System (IPEDS)","","2012-2016","University (Carnegie, University)"
"Pell Grants","","Education","Finance","","Integrated Postsecondary Education Data System (IPEDS)","","2012-2015","University (Carnegie, University)"
"Per Enrollee Medicaid Spending on Personal Health Care","This category comprises all of the medical goods and services that are rendered to a Medicaid beneficiary to treat or prevent a specific disease or condition. These include hospital care; professional services; other health, residential, and personal care; home health care; nursing care facilities and continuing care retirement communities; and the retail outlet sales of medical products.","Health","Health Care Spending> Medicaid","National Health Expenditure Data","The U.S. Centers for Medicare and Medicaid Services (CMS)","Health Accounts by State of residence present aggregate and per capita estimates of health care spending by type of establishment delivering care (hospitals, physicians and clinics, nursing homes, etc.) and for medical products (prescription drugs, over-the-counter medicines and sundries and durable medical products such as eyeglasses and hearing aids) purchased in retail outlets. Source of funding aggregate and per enrollee estimates by state are also provided for Medicare, Medicaid, and Private Health Insurance.","1991-2014","Geography (State)"
"Per Enrollee Medicare Spending on Personal Health Care","This category comprises all of the medical goods and services that are rendered to a Medicare beneficiary to treat or prevent a specific disease or condition. These include hospital care; professional services; other health, residential, and personal care; home health care; nursing care facilities and continuing care retirement communities; and the retail outlet sales of medical products.","Health","Health Care Spending>Medicare","National Health Expenditure Data","The U.S. Centers for Medicare and Medicaid Services (CMS)","Health Accounts by State of residence present aggregate and per capita estimates of health care spending by type of establishment delivering care (hospitals, physicians and clinics, nursing homes, etc.) and for medical products (prescription drugs, over-the-counter medicines and sundries and durable medical products such as eyeglasses and hearing aids) purchased in retail outlets. Source of funding aggregate and per enrollee estimates by state are also provided for Medicare, Medicaid, and Private Health Insurance.","1991-2014","Geography (State)"
"Per Enrollee Private Health Insurance Spending on Personal Health Care","This category comprises all of the medical goods and services that are rendered to individuals with private health insurance to treat or prevent a specific disease or condition. These include hospital care; professional services; other health, residential, and personal care; home health care; nursing care facilities and continuing care retirement communities; and the retail outlet sales of medical products.","Health","Health Care Spending>Private Health Insurance","National Health Expenditure Data","The U.S. Centers for Medicare and Medicaid Services (CMS)","Health Accounts by State of residence present aggregate and per capita estimates of health care spending by type of establishment delivering care (hospitals, physicians and clinics, nursing homes, etc.) and for medical products (prescription drugs, over-the-counter medicines and sundries and durable medical products such as eyeglasses and hearing aids) purchased in retail outlets. Source of funding aggregate and per enrollee estimates by state are also provided for Medicare, Medicaid, and Private Health Insurance.","2001-2014","Geography (State)"
"Percent of Applicants Submitting SAT Scores","","Education","Admissions","","Integrated Postsecondary Education Data System (IPEDS)","","2014-2016","University (Carnegie, University), Geography (State, County, Place, MSA)"
"Physician A Reimbursements","","health","healthcare costs","","Dartmouth Atlas of Healthcare","","2010-2014","Geography (Nation, State, County)"
"Physician B Reimbursements","","health","healthcare costs","","Dartmouth Atlas of Healthcare","","2010-2014","Geography (Nation, State, County)"
"Place Of Birth Population Sum","","","","","","","2013-2016","Place Of Birth, Age, Geography (Nation, State, County, Tract, Place, Msa, Puma)"
"Population Sum","","","","","","","-","Poverty Status, Sex, Age, Ethnicity, Geography (Nation, State, County, Tract, Place, Msa, Puma), Race"
"Potentially Avoidable Emergency Department Visits, Per 1,000 Medicare Beneficiaries","Potentially avoidable ED visits are those where treatment was not required within 12 hours or care was needed within 12 hours, but the services provided in the ED could have been provided in a primary care setting.","Health","Access and Quality","Quality-Spending Interactive","The Commonwealth Fund","This tool portrays what is sometimes called the “relative value” of care—the amount spent per level of quality achieved. It utilizes publicly available data on quality and spending for the population age 65 and older with traditional fee-for-service Medicare.","2014-2014","Geography (State)"
"Poverty Status Population Sum","","","","","","","2013-2016","Poverty Status, Sex, Age, Geography (Nation, State, County, Tract, Place, Msa, Puma)"
"Private Grants","","Education","Finance","","Integrated Postsecondary Education Data System (IPEDS)","","2012-2015","University (Carnegie, University)"
"Published District Fee","","Education","Tuition","","Integrated Postsecondary Education Data System (IPEDS)","","2013-2016","University (Carnegie, University), Geography (State, County, Place, MSA), Sector, CIP (CIP2, CIP4, CIP6)"
"Published District Tuition","","Education","Tuition","","Integrated Postsecondary Education Data System (IPEDS)","","2013-2016","University (Carnegie, University), Geography (State, County, Place, MSA), Sector, CIP (CIP2, CIP4, CIP6)"
"Published District Tuition and Fee","","Education","Tuition","","Integrated Postsecondary Education Data System (IPEDS)","","2013-2016","University (Carnegie, University), Geography (State, County, Place, MSA), Sector, CIP (CIP2, CIP4, CIP6)"
"Published Out Of State Fee","","Education","Tuition","","Integrated Postsecondary Education Data System (IPEDS)","","2013-2016","University (Carnegie, University), Geography (State, County, Place, MSA), Sector, CIP (CIP2, CIP4, CIP6)"
"Published Out Of State Tuition","","Education","Tuition","","Integrated Postsecondary Education Data System (IPEDS)","","2013-2016","University (Carnegie, University), Geography (State, County, Place, MSA), Sector, CIP (CIP2, CIP4, CIP6)"
"Published Out Of State Tuition and Fee","","Education","Tuition","","Integrated Postsecondary Education Data System (IPEDS)","","2013-2016","University (Carnegie, University), Geography (State, County, Place, MSA), Sector, CIP (CIP2, CIP4, CIP6)"
"Published State Fee","","Education","Tuition","","Integrated Postsecondary Education Data System (IPEDS)","","2013-2016","University (Carnegie, University), Geography (State, County, Place, MSA), Sector, CIP (CIP2, CIP4, CIP6)"
"Published State Tuition","","Education","Tuition","","Integrated Postsecondary Education Data System (IPEDS)","","2013-2016","University (Carnegie, University), Geography (State, County, Place, MSA), Sector, CIP (CIP2, CIP4, CIP6)"
"Published State Tuition and Fee","","Education","Tuition","","Integrated Postsecondary Education Data System (IPEDS)","","2013-2016","University (Carnegie, University), Geography (State, County, Place, MSA), Sector, CIP (CIP2, CIP4, CIP6)"
"Ratio","","","","","","","2014-2018","Geography (County, State), Indicator"
"Record Count","","Demographics","Microdata","ACS PUMS 1-Year Estimate, ACS PUMS 5-Year Estimate","U.S. Census Bureau","According to the Census Bureau: `The American Community Survey (ACS) Public Use Microdata Sample (PUMS) files are a set of untabulated records about individual people or housing units. The Census Bureau produces the PUMS files so that data users can create custom tables that are not available through pretabulated (or summary) ACS data products.`","2013-2016","Geography (State, PUMA), Workforce Status, Age, Weeks Worked, PUMS Occupation (L0, L1, L2, L3), PUMS Industry (L0, L1, L2), PUMS Degree (Group, Degree), PUMS Degree Field (CIP2, FOD1P), Gender, Race, Employment Status, Citizenship Status, Nativity, Veteran Status, Wage Bin"
"Renter Population Percent","","","","","","","2014-2016","Household Income, Gross Rent Percent Of Income, Geography (Nation, State, County, Tract, Place, Msa, Puma)"
"Renter Population Sum","","","","","","","2014-2016","Household Income, Gross Rent Percent Of Income, Geography (Nation, State, County, Tract, Place, Msa, Puma)"
"Renters Population Percent","","","","","","","2012-2016","Household Income, Gross Rent Percent Of Income, Geography (Nation, State, County, Tract, Place, Msa, Puma)"
"Renters Population Sum","","","","","","","2012-2016","Household Income, Gross Rent Percent Of Income, Geography (Nation, State, County, Tract, Place, Msa, Puma)"
"Research Total","","Education","Finance","","Integrated Postsecondary Education Data System (IPEDS)","","2012-2015","University (Carnegie, University)"
"Salary Expenses","Covers Public and Private Not For Profit Institutions","Education","Finance","","Integrated Postsecondary Education Data System (IPEDS)","","2012-2015","University (Carnegie, University), IPEDS Expense Category"
"SAT Critical Reading 25th Percentile","","Education","Admissions","","Integrated Postsecondary Education Data System (IPEDS)","","2014-2016","University (Carnegie, University), Geography (State, County, Place, MSA)"
"SAT Critical Reading 75th Percentile","","Education","Admissions","","Integrated Postsecondary Education Data System (IPEDS)","","2014-2016","University (Carnegie, University), Geography (State, County, Place, MSA)"
"SAT Math 25th Percentile","","Education","Admissions","","Integrated Postsecondary Education Data System (IPEDS)","","2014-2016","University (Carnegie, University), Geography (State, County, Place, MSA)"
"SAT Math 75th Percentile","","Education","Admissions","","Integrated Postsecondary Education Data System (IPEDS)","","2014-2016","University (Carnegie, University), Geography (State, County, Place, MSA)"
"SAT Writing 25th Percentile","","Education","Admissions","","Integrated Postsecondary Education Data System (IPEDS)","","2014-2016","University (Carnegie, University), Geography (State, County, Place, MSA)"
"SAT Writing 75th Percentile","","Education","Admissions","","Integrated Postsecondary Education Data System (IPEDS)","","2014-2016","University (Carnegie, University), Geography (State, County, Place, MSA)"
"Share of Medicaid Spending to Adults","Spending includes both state and federal payments to Medicaid. The payment amounts from the source data reflect payments for services during the year, based on date of payment.","Health","Health Care Spending> Medicaid","State Health Facts","Kaiser Family Foundation","State Health Facts provides free, up-to-date, health data for all 50 states, the District of Columbia, the United States, counties, territories, and other geographies.","2014-2014","Geography (State)"
"Share of Medicaid Spending to Children","Spending includes both state and federal payments to Medicaid. The payment amounts from the source data reflect payments for services during the year, based on date of payment.","Health","Health Care Spending> Medicaid","State Health Facts","Kaiser Family Foundation","State Health Facts provides free, up-to-date, health data for all 50 states, the District of Columbia, the United States, counties, territories, and other geographies.","2014-2014","Geography (State)"
"Share of Medicaid Spending to the Disabled Population ","Spending includes both state and federal payments to Medicaid. The payment amounts from the source data reflect payments for services during the year, based on date of payment.","Health","Health Care Spending> Medicaid","State Health Facts","Kaiser Family Foundation","State Health Facts provides free, up-to-date, health data for all 50 states, the District of Columbia, the United States, counties, territories, and other geographies.","2014-2014","Geography (State)"
"Share of Medicaid Spending to the Elderly Population","Spending includes both state and federal payments to Medicaid. The payment amounts from the source data reflect payments for services during the year, based on date of payment.","Health","Health Care Spending> Medicaid","State Health Facts","Kaiser Family Foundation","State Health Facts provides free, up-to-date, health data for all 50 states, the District of Columbia, the United States, counties, territories, and other geographies.","2014-2014","Geography (State)"
"Skilled Nursing Facility Medicare Spending Per Capita","Nursing home spending estimates reflect only payments made by the Medicare program for care provided in Skilled Nursing Facility (SNF) settings. Payments for long-term nursing home care are excluded, though patients receiving long-term nursing home care are included in several of the quality metrics. SNF payments have been adjusted to account for regional wage differences.","Health","Health Care Spending>Medicare","Quality-Spending Interactive","The Commonwealth Fund","This tool portrays what is sometimes called the “relative value” of care—the amount spent per level of quality achieved. It utilizes publicly available data on quality and spending for the population age 65 and older with traditional fee-for-service Medicare.","2015-2015","Geography (State, Place)"
"State Fee","","Education","Tuition","","Integrated Postsecondary Education Data System (IPEDS)","","2013-2016","University (Carnegie, University), Geography (State, County, Place, MSA), Sector, CIP (CIP2, CIP4, CIP6)"
"State Graduate Students Fee","","Education","Tuition","","Integrated Postsecondary Education Data System (IPEDS)","","2013-2016","University (Carnegie, University), Geography (State, County, Place, MSA), Sector, CIP (CIP2, CIP4, CIP6)"
"State Graduate Students Tuition","","Education","Tuition","","Integrated Postsecondary Education Data System (IPEDS)","","2013-2016","University (Carnegie, University), Geography (State, County, Place, MSA), Sector, CIP (CIP2, CIP4, CIP6)"
"State Grants","","Education","Finance","","Integrated Postsecondary Education Data System (IPEDS)","","2012-2015","University (Carnegie, University)"
"State Grants And Contracts","","Education","Finance","","Integrated Postsecondary Education Data System (IPEDS)","","2012-2015","University (Carnegie, University)"
"State Tuition","","Education","Tuition","","Integrated Postsecondary Education Data System (IPEDS)","","2013-2016","University (Carnegie, University), Geography (State, County, Place, MSA), Sector, CIP (CIP2, CIP4, CIP6)"
"Student Faculty Ratio","Total FTE students not in graduate or professional programs divided by total FTE instructional staff not teaching in graduate or professional programs.","Education","Retention Rates","","Integrated Postsecondary Education Data System (IPEDS)","","2012-2016","University (Carnegie, University)"
"Substance Use Disorder Among Adolescents and Adults (12+)","Substance Use Disorder is defined as meeting criteria for illicit drug or alcohol dependence or abuse. Dependence or abuse is based on definitions found in the 4th edition of the Diagnostic and Statistical Manual of Mental Disorders (DSM-IV).","Health","Health Outcomes","National Survey on Drug Use and Health (NSDUH), State-Specific Tables","Substance Abuse and Mental Health Services Administration (SAMHSA)","The National Survey on Drug Use and Health (NSDUH) is a nationwide study that provides up-to-date information on tobacco, alcohol, and drug use, mental health and other health-related issues in the United States.","","Start Year, End Year, Geography (State)"
"Tenure Population Sum","","","","","","","2013-2016","Occupied By, Geography (Nation, State, County, Tract, Place, Msa, Puma)"
"Thousands Of Tons","Weight in thousands of tons.","Economy","Freight","Freight Analysis Framework Domestic Flows","U.S. Department of Transportation Federal Highway Administration","The Freight Analysis Framework integrates data from a variety of sources to create a comprehensive picture of freight movement among states and major metropolitan areas by all modes of transportation. Note that values from 2020 and later are projections and this subset of the data does not include foreign trade.","2012-2045","Origin (State, Region), Destination (State, Region), SCTG (SCTG2), Transportation Mode"
"Total Amount Federal Loans","","Education","Financial Aid","","Integrated Postsecondary Education Data System (IPEDS)","","2013-2016","University (Carnegie, University)"
"Total Annual Payroll ($1000) with Noise","","","","","","","2013-2016","Geography (County, State, Msa), PUMS Industry (L0, L1, L2), BLS Industry (Group 0, Group 1, Group 2, Group 3, Group 4)"
"Total Annual Payroll Noise Flag","","","","","","","2013-2016","Geography (County, State, Msa), PUMS Industry (L0, L1, L2), BLS Industry (Group 0, Group 1, Group 2, Group 3, Group 4)"
"Total Assets","","Education","Finance","","Integrated Postsecondary Education Data System (IPEDS)","","2012-2015","University (Carnegie, University)"
"Total Expenses","","Education","Finance","","Integrated Postsecondary Education Data System (IPEDS)","","2012-2015","University (Carnegie, University)"
"Total Graduates","","Education","Tuition","","Integrated Postsecondary Education Data System (IPEDS)","","2013-2016","University (Carnegie, University), Sector, CIP (CIP2, CIP4, CIP6)"
"Total Instructional Employees","Covers full-time nonmedical instructional staff","Education","Finance","","Integrated Postsecondary Education Data System (IPEDS)","","2012-2016","University (Carnegie, University), Academic Rank, Gender"
"Total Liabilities","","Education","Finance","","Integrated Postsecondary Education Data System (IPEDS)","","2012-2015","University (Carnegie, University)"
"Total Medicaid Spending on Personal Health Care","This category comprises all of the medical goods and services that are rendered to Medicaid beneficiaries to treat or prevent a specific disease or condition. These include hospital care; professional services; other health, residential, and personal care; home health care; nursing care facilities and continuing care retirement communities; and the retail outlet sales of medical products.","Health","Health Care Spending> Medicaid","National Health Expenditure Data","The U.S. Centers for Medicare and Medicaid Services (CMS)","Health Accounts by State of residence present aggregate and per capita estimates of health care spending by type of establishment delivering care (hospitals, physicians and clinics, nursing homes, etc.) and for medical products (prescription drugs, over-the-counter medicines and sundries and durable medical products such as eyeglasses and hearing aids) purchased in retail outlets. Source of funding aggregate and per enrollee estimates by state are also provided for Medicare, Medicaid, and Private Health Insurance.","1991-2014","Geography (State)"
"Total Medicare Spending on Personal Health Care","This category comprises all of the medical goods and services that are rendered to Medicare beneficiaries to treat or prevent a specific disease or condition. These include hospital care; professional services; other health, residential, and personal care; home health care; nursing care facilities and continuing care retirement communities; and the retail outlet sales of medical products.","Health","Health Care Spending>Medicare","National Health Expenditure Data","The U.S. Centers for Medicare and Medicaid Services (CMS)","Health Accounts by State of residence present aggregate and per capita estimates of health care spending by type of establishment delivering care (hospitals, physicians and clinics, nursing homes, etc.) and for medical products (prescription drugs, over-the-counter medicines and sundries and durable medical products such as eyeglasses and hearing aids) purchased in retail outlets. Source of funding aggregate and per enrollee estimates by state are also provided for Medicare, Medicaid, and Private Health Insurance.","1991-2014","Geography (State)"
"Total Mid-March Employees Noise Flag","","","","","","","2013-2016","Geography (County, State, Msa), PUMS Industry (L0, L1, L2), BLS Industry (Group 0, Group 1, Group 2, Group 3, Group 4)"
"Total Mid-March Employees with Noise","","","","","","","2013-2016","Geography (County, State, Msa), PUMS Industry (L0, L1, L2), BLS Industry (Group 0, Group 1, Group 2, Group 3, Group 4)"
"Total Months Of Employment For Instructional Employees","Covers full-time nonmedical instructional staff","Education","Finance","","Integrated Postsecondary Education Data System (IPEDS)","","2012-2016","University (Carnegie, University), Academic Rank, Gender"
"Total Noninstructional Employees","Covers full-time nonmedical noninstructional staff","Finance","","","Integrated Postsecondary Education Data System (IPEDS)","","2012-2016","University (Carnegie, University), IPEDS Occupation"
"Total Number Awarded Grant Or Scholarship","","Education","Financial Aid","","Integrated Postsecondary Education Data System (IPEDS)","","2013-2016","University (Carnegie, University), Income Range"
"Total Number Federal Loans","","Education","Financial Aid","","Integrated Postsecondary Education Data System (IPEDS)","","2013-2016","University (Carnegie, University)"
"Total Number In Income Bracket","","Education","Financial Aid","","Integrated Postsecondary Education Data System (IPEDS)","","2013-2016","University (Carnegie, University), Income Range"
"Total Number in Living Arrangement","","Education","Financial Aid","","Integrated Postsecondary Education Data System (IPEDS)","","2013-2016","University (Carnegie, University), Geography (State, County, Place, MSA), Living Arrangement"
"Total Number of Establishments","","","","","","","2013-2016","Geography (County, State, Msa), PUMS Industry (L0, L1, L2), BLS Industry (Group 0, Group 1, Group 2, Group 3, Group 4)"
"Total Number With Any Aid","","Education","Financial Aid","","Integrated Postsecondary Education Data System (IPEDS)","","2013-2016","University (Carnegie, University)"
"Total Other Expenses","","Education","Living Expenses","","Integrated Postsecondary Education Data System (IPEDS)","","2013-2016","University (Carnegie, University), Living Arrangement"
"Total Outlays Instructional Employees","Covers full-time nonmedical instructional staff","Education","Finance","","Integrated Postsecondary Education Data System (IPEDS)","","2012-2016","University (Carnegie, University), Academic Rank, Gender"
"Total Outlays Noninstructional Employees","Covers full-time nonmedical noninstructional staff","Finance","","","Integrated Postsecondary Education Data System (IPEDS)","","2012-2016","University (Carnegie, University), IPEDS Occupation"
"Total Per Capita Spending on Dental Services ","Includes services provided by offices of Doctors of Dental Surgery (D.D.S.), Doctors of Dental Medicine (D.M.D.), or Doctors of Dental Science (D.D.Sc.).","Health","Health Care Spending","National Health Expenditure Data","The U.S. Centers for Medicare and Medicaid Services (CMS)","Health Accounts by State of residence present aggregate and per capita estimates of health care spending by type of establishment delivering care (hospitals, physicians and clinics, nursing homes, etc.) and for medical products (prescription drugs, over-the-counter medicines and sundries and durable medical products such as eyeglasses and hearing aids) purchased in retail outlets. Source of funding aggregate and per enrollee estimates by state are also provided for Medicare, Medicaid, and Private Health Insurance.","1991-2014","Geography (State)"
"Total Per Capita Spending on Drugs and Other Non-Durable Products","Includes retail sales of human-use, dosage-form drugs, biological drugs, and diagnostic products that are available only by a prescription. Other non-durable medical products include non-prescription drugs (products chased over the counter such as analgesics and cough and allergy medications) and medical sundries (items such as surgical and medical instruments and surgical dressings, and diagnostic products such as needles and thermometers).","Health","Health Care Spending","National Health Expenditure Data","The U.S. Centers for Medicare and Medicaid Services (CMS)","Health Accounts by State of residence present aggregate and per capita estimates of health care spending by type of establishment delivering care (hospitals, physicians and clinics, nursing homes, etc.) and for medical products (prescription drugs, over-the-counter medicines and sundries and durable medical products such as eyeglasses and hearing aids) purchased in retail outlets. Source of funding aggregate and per enrollee estimates by state are also provided for Medicare, Medicaid, and Private Health Insurance.","1991-2014","Geography (State)"
"Total Per Capita Spending on Durable Medical Equipment ","Includes retail sales of items such as contact lenses, eyeglasses and other ophthalmic products, surgical and orthopedic products, medical equipment rental, oxygen and hearing aids.","Health","Health Care Spending","National Health Expenditure Data","The U.S. Centers for Medicare and Medicaid Services (CMS)","Health Accounts by State of residence present aggregate and per capita estimates of health care spending by type of establishment delivering care (hospitals, physicians and clinics, nursing homes, etc.) and for medical products (prescription drugs, over-the-counter medicines and sundries and durable medical products such as eyeglasses and hearing aids) purchased in retail outlets. Source of funding aggregate and per enrollee estimates by state are also provided for Medicare, Medicaid, and Private Health Insurance.","1991-2014","Geography (State)"
"Total Per Capita Spending on Home Health Care ","Includes private sector establishments primarily engaged in providing skilled nursing services in the home, along with a range of the following: personal care services; homemaker and companion services; physical therapy; medical social services; medications; medical equipment and supplies; counseling; 24-hour home care; occupational and vocational therapy; dietary and nutritional services; speech therapy; audiology; and high-tech care, such as intravenous therapy.","Health","Health Care Spending","National Health Expenditure Data","The U.S. Centers for Medicare and Medicaid Services (CMS)","Health Accounts by State of residence present aggregate and per capita estimates of health care spending by type of establishment delivering care (hospitals, physicians and clinics, nursing homes, etc.) and for medical products (prescription drugs, over-the-counter medicines and sundries and durable medical products such as eyeglasses and hearing aids) purchased in retail outlets. Source of funding aggregate and per enrollee estimates by state are also provided for Medicare, Medicaid, and Private Health Insurance.","1991-2014","Geography (State)"
"Total Per Capita Spending on Hospital Care ","Includes revenue received for all services provided in hospitals to patients. Thus, expenditures include revenues received to cover room and board, ancillary services such as operating room fees, inpatient and outpatient care, services of resident physicians, inpatient pharmacy, hospital-based nursing home care, hospital-based home health care and fees for any other services billed by the hospital such as hospice.","Health","Health Care Spending","National Health Expenditure Data","The U.S. Centers for Medicare and Medicaid Services (CMS)","Health Accounts by State of residence present aggregate and per capita estimates of health care spending by type of establishment delivering care (hospitals, physicians and clinics, nursing homes, etc.) and for medical products (prescription drugs, over-the-counter medicines and sundries and durable medical products such as eyeglasses and hearing aids) purchased in retail outlets. Source of funding aggregate and per enrollee estimates by state are also provided for Medicare, Medicaid, and Private Health Insurance.","1991-2014","Geography (State)"
"Total Per Capita Spending on Nursing Care Facilities and Continuing Care Retirement Communities","These facilities are defined as private sector establishments primarily engaged in providing inpatient nursing, rehabilitative, and continuous personal care services to persons requiring nursing care and continuing care retirement communities with on-site nursing care facilities.","Health","Health Care Spending","National Health Expenditure Data","The U.S. Centers for Medicare and Medicaid Services (CMS)","Health Accounts by State of residence present aggregate and per capita estimates of health care spending by type of establishment delivering care (hospitals, physicians and clinics, nursing homes, etc.) and for medical products (prescription drugs, over-the-counter medicines and sundries and durable medical products such as eyeglasses and hearing aids) purchased in retail outlets. Source of funding aggregate and per enrollee estimates by state are also provided for Medicare, Medicaid, and Private Health Insurance.","1991-2014","Geography (State)"
"Total Per Capita Spending on Other Health Residential and Personal Care ","Includes spending for school health, worksite health care, Medicaid home and community based waivers, some ambulance services, residential mental health and substance abuse facilities, and other types of health care. Generally, these, services are provided in non-traditional settings.","Health","Health Care Spending","National Health Expenditure Data","The U.S. Centers for Medicare and Medicaid Services (CMS)","Health Accounts by State of residence present aggregate and per capita estimates of health care spending by type of establishment delivering care (hospitals, physicians and clinics, nursing homes, etc.) and for medical products (prescription drugs, over-the-counter medicines and sundries and durable medical products such as eyeglasses and hearing aids) purchased in retail outlets. Source of funding aggregate and per enrollee estimates by state are also provided for Medicare, Medicaid, and Private Health Insurance.","1991-2014","Geography (State)"
"Total Per Capita Spending on Other Professional Services ","Includes services provided in offices of health practitioners not captured under 'physician and clinical services,' and 'dental services.'","Health","Health Care Spending","National Health Expenditure Data","The U.S. Centers for Medicare and Medicaid Services (CMS)","Health Accounts by State of residence present aggregate and per capita estimates of health care spending by type of establishment delivering care (hospitals, physicians and clinics, nursing homes, etc.) and for medical products (prescription drugs, over-the-counter medicines and sundries and durable medical products such as eyeglasses and hearing aids) purchased in retail outlets. Source of funding aggregate and per enrollee estimates by state are also provided for Medicare, Medicaid, and Private Health Insurance.","1991-2014","Geography (State)"
"Total Per Capita Spending on Personal Health Care ","Includes all medical goods and services that are rendered to treat or prevent a specific disease or condition in a specific person. These include hospital care; professional services; other health, residential, and personal care; home health care; nursing care facilities and continuing care retirement communities; and the retail outlet sales of medical products","Health","Health Care Spending","National Health Expenditure Data","The U.S. Centers for Medicare and Medicaid Services (CMS)","Health Accounts by State of residence present aggregate and per capita estimates of health care spending by type of establishment delivering care (hospitals, physicians and clinics, nursing homes, etc.) and for medical products (prescription drugs, over-the-counter medicines and sundries and durable medical products such as eyeglasses and hearing aids) purchased in retail outlets. Source of funding aggregate and per enrollee estimates by state are also provided for Medicare, Medicaid, and Private Health Insurance.","1991-2014","Geography (State)"
"Total Per Capita Spending on Physician and Clinical Services","Includes offices of Physicians, including Doctors of Medicine (M.D.) and Doctors of Osteopathy (D.O.), and outpatient care centers, plus the portion of medical and diagnostic laboratories services that are billed independently by the laboratories.","Health","Health Care Spending","National Health Expenditure Data","The U.S. Centers for Medicare and Medicaid Services (CMS)","Health Accounts by State of residence present aggregate and per capita estimates of health care spending by type of establishment delivering care (hospitals, physicians and clinics, nursing homes, etc.) and for medical products (prescription drugs, over-the-counter medicines and sundries and durable medical products such as eyeglasses and hearing aids) purchased in retail outlets. Source of funding aggregate and per enrollee estimates by state are also provided for Medicare, Medicaid, and Private Health Insurance.","1991-2014","Geography (State)"
"Total Population","","Demographics","Microdata","ACS PUMS 1-Year Estimate, ACS PUMS 5-Year Estimate","U.S. Census Bureau","According to the Census Bureau: `The American Community Survey (ACS) Public Use Microdata Sample (PUMS) files are a set of untabulated records about individual people or housing units. The Census Bureau produces the PUMS files so that data users can create custom tables that are not available through pretabulated (or summary) ACS data products.`","2013-2016","Geography (State, PUMA), Workforce Status, Age, Weeks Worked, PUMS Occupation (L0, L1, L2, L3), PUMS Industry (L0, L1, L2), PUMS Degree (Group, Degree), PUMS Degree Field (CIP2, FOD1P), Gender, Race, Employment Status, Citizenship Status, Nativity, Veteran Status, Wage Bin"
"Total Population Sum","","","","","","","2013-2016","Geography (Nation, State, County, Tract, Place, Msa, Puma)"
"Total Private Health Insurance Spending on Personal Health Care","This category comprises all of the medical goods and services that are rendered to the population with private health insurance to treat or prevent a specific disease or condition. These include hospital care; professional services; other health, residential, and personal care; home health care; nursing care facilities and continuing care retirement communities; and the retail outlet sales of medical products.","Health","Health Care Spending>Private Health Insurance","National Health Expenditure Data","The U.S. Centers for Medicare and Medicaid Services (CMS)","Health Accounts by State of residence present aggregate and per capita estimates of health care spending by type of establishment delivering care (hospitals, physicians and clinics, nursing homes, etc.) and for medical products (prescription drugs, over-the-counter medicines and sundries and durable medical products such as eyeglasses and hearing aids) purchased in retail outlets. Source of funding aggregate and per enrollee estimates by state are also provided for Medicare, Medicaid, and Private Health Insurance.","2001-2014","Geography (State)"
"Total Revenue","","Education","Finance","","Integrated Postsecondary Education Data System (IPEDS)","","2012-2015","University (Carnegie, University)"
"Total Room And Board","","Education","Living Expenses","","Integrated Postsecondary Education Data System (IPEDS)","","2013-2016","University (Carnegie, University), Living Arrangement"
"Total Score","","","","","","","2002-2017","PUMS Occupation (L0, L1, L2, L3), Skill Element (Skill Element Group, Skill Element), CIP (CIP2, CIP4, CIP6)"
"Treatment for Depression Among Adolescents (12-17) With MDE","Past year treatment among adults with major depressive episode (MDE)","Health","Access and Quality","Behavioral Health Barometer: State Barometers","Substance Abuse and Mental Health Services Administration (SAMHSA)","The state behavioral health barometers provide an annual update on a series of topics that focus on substance use and mental health.","","Start Year, End Year, Geography (State)"
"Tuition And Fees","","Education","Finance","","Integrated Postsecondary Education Data System (IPEDS)","","2012-2015","University (Carnegie, University)"
"Value","","","","","","","2014-2018","Geography (County, State), Indicator"
"Value Millions","","Economy","Industrial Activity","","Bureau of Economic Analysis","Use of commodities by industry valued at producers prices.","2014-2016","Industry IO Code (L0, L1), Commodity IO Code (L0, L1)"
"Vehicles Available Population Sum","","","","","","","2013-2016","Sex, Vehicles Available, Geography (Nation, State, County, Tract, Place, Msa, Puma)"
"Veteran Population Sum","","","","","","","2013-2016","Period Of Service, Geography (Nation, State, County, Tract, Place, Msa, Puma)"
"Work Transportation Population Sum","","","","","","","2013-2016","Sex, Transportation (Group, Subgroup, Transportation Means), Geography (Nation, State, County, Tract, Place, Msa, Puma)"
"Yield Men","","Education","Admissions","","Integrated Postsecondary Education Data System (IPEDS)","","2014-2016","University (Carnegie, University), Geography (State, County, Place, MSA)"
"Yield Total","","Education","Admissions","","Integrated Postsecondary Education Data System (IPEDS)","","2014-2016","University (Carnegie, University), Geography (State, County, Place, MSA)"
"Yield Women","","Education","Admissions","","Integrated Postsecondary Education Data System (IPEDS)","","2014-2016","University (Carnegie, University), Geography (State, County, Place, MSA)"